{
  "date": "2025-07-05T21:05:03.180Z",
  "title": "O clássico nunca sai da moda.",
  "thumbnail": "/img/uploads/img_8924.jpg",
  "body": "Essa foto é de uma loja clássica em Nova Iorque. Algumas décadas ela se mantém no trivial sem mudanças drásticas e sim se aperfeiçoar em traços e modelagens conforme a mudanças corporais de gerações.\n\nA gente sempre quer se reiventar acompanhando a moda desde um corte de cabelo à um look novo no guarda-roupa. Conhecemos um novo paquera e já pensamos em comprar algo que faça sentido para aquela ocasião, até que entendemos que no próximo encontro procuraremos algo novamente para usar. \n\nMas para mim o clássico nao sai da moda e podemos mesclar peças de tons neutros com acessórios para compor o look e trazer um novo que tanto procuramos no consumo imediato. \n\nNo meu closet já passou todas as estampas e já faz algum tempo que prefiro ele no modo funcional de ser. Peças neutras e de preferência com excelente qualidade em tecido, costura e aviamentos em metal para que perdure ao longo dos anos. Acho um desperdício a gente gastar dinheiro mesmo que seja pouco em algo que não vai durar ou porque somos escravos de sensações. Se analizarmos vamos acumulando coisas que não fazem sentido além de saciar a vontade naquele momento. Não somente roupas e sim objetos, memórias e pessoas.\n\n\n\nUm preto longo básico com um casaco em lã ou pelo (sintético) com botas ou scarpins para dias frios se tornaram a opção sem erro na escolha desde 1920 para nós mulheres. Mais de um século que esse tipo de escolha ainda é a aposta certa em nosso closet e sem perder a classe e feminilidade!\n\n\n\nUm beijo meninas!\n\n\n\n\n\nJu Rudolph",
  "description": "",
  "sections": [
    {
      "type": "blog",
      "enabled": true
    }
  ]
}