{
  "assetsByChunkName": {
    "vendors~app-account~app-confirmation~app-order": "chunk.609c88424fbb5ca1d820.js",
    "vendors~app-account~app-checkout": "chunk.a87e8ab35d35aa07b963.js",
    "vendors~app-cart~app-checkout": "chunk.b8bc9c60a60c9880accf.js",
    "admin": [
      "admin.0b28a9279219c88ed8f3.js",
      "admin.0b28a9279219c88ed8f3.js.map"
    ],
    "app-account": "chunk.c05611199f8e8fff0d81.js",
    "app-checkout": "chunk.d78b9e6039417d5128f4.js",
    "app-confirmation": "chunk.43014a010e9b81d45220.js",
    "checkout": [
      "checkout.ffeb7092c89657fd575f.js",
      "checkout.ffeb7092c89657fd575f.js.map"
    ],
    "storefront": [
      "storefront.7573794c1378ba9f12ba.css",
      "storefront.599adee43416cfb3a97d.js",
      "storefront.7573794c1378ba9f12ba.css.map",
      "storefront.599adee43416cfb3a97d.js.map"
    ],
    "vendors~app-cart": "chunk.5fa3b6fd245218c6a8a8.js",
    "vendors~app-order": "chunk.de38a695e2290d0d3bc6.js"
  }
}