{
  "title": "Sobre nós",
  "body": "![](/img/uploads/img_7869.jpg \"Juliane Rudolph\")\n\n**Ju Rudolph Brand** foi fundada em 2021 pela empresária Juliane Rudolph.\n\nSua inspiração veio através dos anos que trabalhou como modelo e com lembrança da sua infância em meio as máquinas de costuras da sua família. \n\nCom toda crise social e econômica gerada pela pandemia, teve a idéia de criar suas próprias roupas e abrir um e-commerce. Afinal, estava com tempo para quem era empreendedora (fundadora de Startup) e tinha carga horária de trabalho de 14 horas diárias antes dessa crise mundial.\n\nPara isso, precisou abrir um e-commerce para testar o mercado online vendendo multimarcas e no final dessa experiência teve um resultado positivo.\n\nNesse período, estudou sobre alta-costura e níveis de matéria-prima para saber o que realmente faria. E decidiu por fim criar peças no seu estilo atemporal. Sempre foi apaixonada em alfaiataria moderna que são looks que você pode usar com tênis a bota. Passando por todos os modelos de sapato e deixando seu look mais formal a descolado. \n\nAcredita muito na moda inteligente que são peças que passam anos e não sai do conceito legal e sem temporadas para usá-las. Looks funcionais em seu closet!\n\nE com tecidos de alta qualidade e acabamentos impecáveis, trará mais sofisticação para deixar sua identidade nas roupas e nas clientes. Afinal, a Ju é muito detalhista desde a criação dos looks até a sua experiência de compra aqui. \n\nHoje atualmente, viaja pelo mundo para trazer novidades e tendências em primeira mão para todas as mulheres que gostam de artigos de moda **HIGHLINE.** Frequentando lugares do mais alto padrão e elaborando produtos de alto luxo.\n\nIsso é um pouquinho sobre nós e um pouquinho sobre ela.\n\nQueremos que todas vocês tenham nossas peças exclusivas com a essência da mulher elegante e empoderada com sua feminilidade. Trazendo o clássico e atual juntos em um único look.\n\nEsperamos que tenham um momento único por aqui!",
  "meta_title": "Como surgiu a marca JU RUDOLPH.",
  "sections": [
    {
      "type": "extra-page",
      "enabled": true
    }
  ],
  "meta_description": "Moda"
}