{
  "youtube": "https://www.youtube.com/@JuRudolphBrand",
  "facebook": "https://www.facebook.com/people/Ju-Rudolph-Brand/100085485910089/#",
  "phone": "",
  "doc_number": "42.360.946/0001-09",
  "whatsapp": "+55 11 971500094",
  "instagram": "https://www.instagram.com/jurudolphbrand",
  "twitter": "",
  "address": "Avenida Brigadeiro Faria Lima, 2639 conj 53 Jardim Paulistano, São Paulo - SP CEP: 01452-000",
  "tiktok": "https://www.tiktok.com/@jurudolphbrand",
  "pinterest": "https://br.pinterest.com/jurudolphbrand/",
  "email": "contato@jurudolphbrand.com.br"
}