{
  "description": {
    "title": "Horário de atendimento:",
    "text": "Segunda a Sexta: 9h às 18h."
  },
  "links_1": {
    "list_pages": true,
    "title": "INSTITUCIONAL",
    "list": []
  },
  "links_2": {
    "list_categories": false,
    "title": "Categorias",
    "list": []
  },
  "contacts": {
    "title": "Compre com  uma Personal Shopper através do Whatsapp:",
    "phone_wpp": true,
    "socials": true,
    "email": true,
    "address": true
  },
  "stamps": [
    {
      "src": "/img/uploads/ssl-safe.png",
      "alt": "Secure connection"
    }
  ],
  "payment_methods": {
    "bb": false,
    "visa": true,
    "boleto": true,
    "aura": false,
    "banrisul": false,
    "elo": true,
    "hipercard": true,
    "hsbc": false,
    "bradesco": true,
    "santander": false,
    "mastercard": true,
    "citibank": false,
    "diners": true,
    "mais": false,
    "pix": true,
    "amex": true,
    "itau": false
  },
  "credits": ""
}