{
  "categories_list": {
    "featured": [
      "/new-in?New in",
      "/jurudolphbrandblusa?Blusa",
      "/calca?Calça",
      "/vestido?Vestido",
      "/ver-todos-os-produtos?Ver todos os produtos"
    ],
    "random": 0,
    "full_width": true
  },
  "centralized_logo": true,
  "marketing_stripe": {
    "text": "5% Off para pagamento realizados no PIX",
    "link": "",
    "background": "#ffffff",
    "color": "#040403"
  },
  "alphabetical_order_submenu": true,
  "popup": "",
  "search_input": true,
  "desktop_megamenu": false,
  "full_width_submenu": false,
  "contacts_stripe": {
    "pages": [],
    "phone_wpp": true,
    "socials": true
  }
}