{
  "meta_title": "Looks para seu verão e para seu inverno.",
  "meta_description": "Moda feminina autoral com peças sofisticadas, tecidos premium e design atemporal, criadas para mulheres que valorizam elegância, versatilidade e identidade no vestir.",
  "sections": [
    {
      "type": "banner-slider",
      "autoplay": 5000,
      "full_width": true,
      "slides": [
        {
          "start": "",
          "end": "",
          "img": "/img/uploads/tripssummers.png",
          "mobile_img": "/img/uploads/2026.1-banners.png",
          "link": "https://www.jurudolphbrand.com.br/new-in"
        },
        {
          "start": "",
          "end": "",
          "img": "/img/uploads/2026.1-banners-3.png",
          "mobile_img": "/img/uploads/2026.1-banners-3.png",
          "link": "https://www.jurudolphbrand.com.br/new-in"
        },
        {
          "start": "",
          "end": "",
          "img": "/img/uploads/gio.png",
          "mobile_img": "/img/uploads/banner-2.png",
          "link": "https://www.jurudolphbrand.com.br/search?term=gio"
        }
      ]
    },
    {
      "type": "info-bar",
      "enabled": true
    },
    {
      "type": "collection-shelf",
      "shuffle": true,
      "limit": 9,
      "page": 9,
      "collection_id": "6176ffcb9bb4ce40f93ecf90:categories:Conjunto:/conjunto",
      "sort": "sales",
      "title": "BEST SELLER",
      "autoplay": 6000
    },
    {
      "autoplay": 6000,
      "page": 9,
      "title": "ALFAIATARIA",
      "shuffle": true,
      "headless": false,
      "type": "collection-shelf",
      "limit": 9,
      "collection_id": "60e9067bf8aba90b3a146d0e:categories:Vestido:/vestido",
      "sort": "sales"
    },
    {
      "type": "banners-grid",
      "banners": [
        {
          "img": "/img/uploads/vestidos.png",
          "mobile_img": "/img/uploads/vestidos.png",
          "link": "https://www.jurudolphbrand.com.br/vestido",
          "alt": "https://www.jurudolphbrand.com.br/vestido"
        },
        {
          "img": "/img/uploads/blusas.png",
          "mobile_img": "/img/uploads/blusas.png",
          "link": "https://www.jurudolphbrand.com.br/jurudolphbrandblusa",
          "alt": "https://www.jurudolphbrand.com.br/jurudolphbrandblusa"
        }
      ]
    },
    {
      "type": "banner-slider",
      "autoplay": 9000,
      "full_width": false,
      "slides": [
        {
          "start": "",
          "end": "",
          "img": "/img/uploads/banner.jpg",
          "mobile_img": "/img/uploads/banner.jpg"
        }
      ]
    },
    {
      "autoplay": 6000,
      "page": 5,
      "title": "DESCUBRA NOSSA SELEÇÃO",
      "shuffle": false,
      "type": "collection-shelf",
      "link": "",
      "limit": 5,
      "collection_id": "660454c50fc534303de215ec:categories:Ver todos os produtos:/ver-todos-os-produtos",
      "sort": "highest_price"
    }
  ]
}